title,images,price,sku,tab,categories
Teddy In Pink Dress,https://raw.githubusercontent.com/wpmaps/sample-data/master/products-images/teddy/teddy-in-pink-dress-138.png,35,teddy-in-pink-dress,Pink,Pink
Giant Panda,https://raw.githubusercontent.com/wpmaps/sample-data/master/products-images/teddy/giant-panda-172.png,17,giant-panda,Black,Black
Teddy For Christmas,https://raw.githubusercontent.com/wpmaps/sample-data/master/products-images/teddy/teddy-for-christmas-58.png,42,teddy-for-christmas,Grey,Grey
You Are Sweet Teddy,https://raw.githubusercontent.com/wpmaps/sample-data/master/products-images/teddy/you-are-sweet-teddy-79.png,28,you-are-sweet-teddy,Pink,Pink
I Love You Teddy,https://raw.githubusercontent.com/wpmaps/sample-data/master/products-images/teddy/i-love-you-teddy-13.png,35,i-love-you-teddy,Blue,Blue
Teddy Brown Large,https://raw.githubusercontent.com/wpmaps/sample-data/master/products-images/teddy/teddy-brown-large-30.png,26,teddy-brown-large,Brown,Brown
Teddy Bear For You,https://raw.githubusercontent.com/wpmaps/sample-data/master/products-images/teddy/teddy-bear-for-you-51.png,38,teddy-bear-for-you,Pink,Pink
Day Dream Teddy Bear,https://raw.githubusercontent.com/wpmaps/sample-data/master/products-images/teddy/day-dream-teddy-bear-16.png,36,day-dream-teddy-bear,Brown,Brown
Fluffy White Teddy,https://raw.githubusercontent.com/wpmaps/sample-data/master/products-images/teddy/fluffy-white-teddy-63.png,25,fluffy-white-teddy,White,White
Teddy Bear Brown,https://raw.githubusercontent.com/wpmaps/sample-data/master/products-images/teddy/teddy-bear-brown-136.png,29,teddy-bear-brown,Brown,Brown
Two Teddy Together,https://raw.githubusercontent.com/wpmaps/sample-data/master/products-images/teddy/two-teddy-together.png,43,two-teddy-together,Pink,Pink
Giant Personalized Teddy,https://raw.githubusercontent.com/wpmaps/sample-data/master/products-images/teddy/giant-personalized-teddy-106.png,14,giant-personalized-teddy,Brown,Brown
Three Cute Teddy,https://raw.githubusercontent.com/wpmaps/sample-data/master/products-images/teddy/three-cute-teddy-127.png,32,three-cute-teddy,Brown,Brown
Pure White Teddy,https://raw.githubusercontent.com/wpmaps/sample-data/master/products-images/teddy/pure-white-teddy-140.png,28,pure-white-teddy,White,White
Golden Teddy,https://raw.githubusercontent.com/wpmaps/sample-data/master/products-images/teddy/golden-teddy-90.png,25,golden-teddy,Golden,Golden
Dr Teddy Bear,https://raw.githubusercontent.com/wpmaps/sample-data/master/products-images/teddy/dr-teddy-bear-208.png,14,dr-teddy-bear,Brown,Brown
Brown Teddy Bear,https://raw.githubusercontent.com/wpmaps/sample-data/master/products-images/teddy/brown-teddy-bear-30.png,20,brown-teddy-bear,Brown,Brown
Holiday Christmas,https://raw.githubusercontent.com/wpmaps/sample-data/master/products-images/teddy/holiday-christmas-81.png,40,holiday-christmas,Brown,Brown
Pink Teddy Bear With Cape,https://raw.githubusercontent.com/wpmaps/sample-data/master/products-images/teddy/pink-teddy-bear-with-cape-12.png,12,pink-teddy-bear-with-cape,Pink,Pink
Fluffy Brown Teddy,https://raw.githubusercontent.com/wpmaps/sample-data/master/products-images/teddy/fluffy-brown-teddy-48.png,12,fluffy-brown-teddy,Brown,Brown
Green Teddy Bear,https://raw.githubusercontent.com/wpmaps/sample-data/master/products-images/teddy/green-teddy-bear-121.png,24,green-teddy-bear,Green,Green
Big Brown Teddy,https://raw.githubusercontent.com/wpmaps/sample-data/master/products-images/teddy/big-brown-teddy-95.png,31,big-brown-teddy,Brown,Brown
Bear Brown Large Grande,https://raw.githubusercontent.com/wpmaps/sample-data/master/products-images/teddy/bear-brown-large-grande-149.png,17,bear-brown-large-grande,Brown,Brown
Happy Blue Giant,https://raw.githubusercontent.com/wpmaps/sample-data/master/products-images/teddy/happy-blue-giant-145.png,37,happy-blue-giant,Blue,Blue
Bear In Robe,https://raw.githubusercontent.com/wpmaps/sample-data/master/products-images/teddy/bear-in-robe-182.png,36,bear-in-robe,Brown,Brown
Mini Mouse Teddy,https://raw.githubusercontent.com/wpmaps/sample-data/master/products-images/teddy/mini-mouse-teddy-176.png,37,mini-mouse-teddy,Pink,Pink
Teddy Bear Pink,https://raw.githubusercontent.com/wpmaps/sample-data/master/products-images/teddy/teddy-bear-pink-18.png,36,teddy-bear-pink,Pink,Pink
Teddy Scared,https://raw.githubusercontent.com/wpmaps/sample-data/master/products-images/teddy/teddy-scared_4.png,30,teddy-scared_,Blue,Blue
Tobs Red I Miss You,https://raw.githubusercontent.com/wpmaps/sample-data/master/products-images/teddy/tobs-red-i-miss-you-236.png,36,tobs-red-i-miss-you,Red,Red
Teddy Cartoon Image,https://raw.githubusercontent.com/wpmaps/sample-data/master/products-images/teddy/teddy-cartoon-image-179.png,39,teddy-cartoon-image,Brown,Brown
I Love You Red Teddy,https://raw.githubusercontent.com/wpmaps/sample-data/master/products-images/teddy/i-love-you-red-teddy-168.png,45,i-love-you-red-teddy,Red,Red
Graduate Teddy Gift,https://raw.githubusercontent.com/wpmaps/sample-data/master/products-images/teddy/graduate-teddy-gift-20.png,18,graduate-teddy-gift,Brown,Brown
Teddy Heroes,https://raw.githubusercontent.com/wpmaps/sample-data/master/products-images/teddy/teddy-heroes-3-3.png,28,teddy-heroes,Brown,Brown
Hundred Year Big Teddy,https://raw.githubusercontent.com/wpmaps/sample-data/master/products-images/teddy/hundred-year-big-teddy-54.png,14,hundred-year-big-teddy,Brown,Brown
Teddy Bear Chocolate,https://raw.githubusercontent.com/wpmaps/sample-data/master/products-images/teddy/teddy-bear-chocolate-114.png,13,teddy-bear-chocolate,Brown,Brown
Brown Bear,https://raw.githubusercontent.com/wpmaps/sample-data/master/products-images/teddy/brown-bear-242.png,37,brown-bear,Brown,Brown
Big Love Hot Pink,https://raw.githubusercontent.com/wpmaps/sample-data/master/products-images/teddy/big-love-hot-pink-118.png,31,big-love-hot-pink,Pink,Pink
Teddy Have Fun,https://raw.githubusercontent.com/wpmaps/sample-data/master/products-images/teddy/teddy-have-fun-33.png,36,teddy-have-fun,Brown,Brown
Just Another Teddy,https://raw.githubusercontent.com/wpmaps/sample-data/master/products-images/teddy/just-another-teddy-68.png,38,just-another-teddy,Golden,Golden
You Are Special,https://raw.githubusercontent.com/wpmaps/sample-data/master/products-images/teddy/you-are-special-3.png,40,you-are-special,White,White
Blue Color Teddy,https://raw.githubusercontent.com/wpmaps/sample-data/master/products-images/teddy/blue-color-teddy-92.png,14,blue-color-teddy,Blue,Blue
Sad Face Teddy,https://raw.githubusercontent.com/wpmaps/sample-data/master/products-images/teddy/sad-face-teddy-171.png,21,sad-face-teddy,White,White
Plush Giant Teddy,https://raw.githubusercontent.com/wpmaps/sample-data/master/products-images/teddy/plush-giant-teddy-209.png,14,plush-giant-teddy,White,White
Teddy Bear Dark Green,https://raw.githubusercontent.com/wpmaps/sample-data/master/products-images/teddy/teddy-bear-dark-green-151.png,19,teddy-bear-dark-green,Brown,Brown
Panda Large,https://raw.githubusercontent.com/wpmaps/sample-data/master/products-images/teddy/panda-large-20_0067912400071.png,20,panda-large-_,Black,Black
Teddy With Love,https://raw.githubusercontent.com/wpmaps/sample-data/master/products-images/teddy/teddy-with-love-163.png,15,teddy-with-love,Brown,Brown
Teddy Friend Monkey,https://raw.githubusercontent.com/wpmaps/sample-data/master/products-images/teddy/teddy-friend-monkey-72.png,41,teddy-friend-monkey,Brown,Brown
Cute Teddy Bear,https://raw.githubusercontent.com/wpmaps/sample-data/master/products-images/teddy/cute-teddy-bear-96.png,24,cute-teddy-bear,Golden,Golden
Large Pink Teddy,https://raw.githubusercontent.com/wpmaps/sample-data/master/products-images/teddy/large-pink-teddy-157.png,33,large-pink-teddy,Pink,Pink
Teddy With Purple Bow,https://raw.githubusercontent.com/wpmaps/sample-data/master/products-images/teddy/teddy-with-purple-bow-21.png,12,teddy-with-purple-bow,Brown,Brown
L Love You Teddy,https://raw.githubusercontent.com/wpmaps/sample-data/master/products-images/teddy/l-love-you-teddy-110.png,24,l-love-you-teddy,Pink,Pink
Fluffy Teddy Bear,https://raw.githubusercontent.com/wpmaps/sample-data/master/products-images/teddy/fluffy-teddy-bear-17.png,31,fluffy-teddy-bear,Golden,Golden
Three Bears,https://raw.githubusercontent.com/wpmaps/sample-data/master/products-images/teddy/three-bears-61.png,40,three-bears,Brown,Brown
Teddy Bear,https://raw.githubusercontent.com/wpmaps/sample-data/master/products-images/teddy/teddy-bear-221.png,38,teddy-bear,Brown,Brown
Teddy Bear Dog Costume,https://raw.githubusercontent.com/wpmaps/sample-data/master/products-images/teddy/teddy-bear-dog-costume-53.png,42,teddy-bear-dog-costume,Brown,Brown
Large White Teddy Bear,https://raw.githubusercontent.com/wpmaps/sample-data/master/products-images/teddy/large-white-teddy-bear-174.png,17,large-white-teddy-bear,White,White
Supreme Steiff Bear Heath,https://raw.githubusercontent.com/wpmaps/sample-data/master/products-images/teddy/supreme-steiff-bear-heath-59.png,13,supreme-steiff-bear-heath,Brown,Brown
White Cuddles Teddy,https://raw.githubusercontent.com/wpmaps/sample-data/master/products-images/teddy/white-cuddles-teddy-192.png,35,white-cuddles-teddy,White,White
Surprise Face Teddy,https://raw.githubusercontent.com/wpmaps/sample-data/master/products-images/teddy/surprise-face-teddy-10.png,12,surprise-face-teddy,Brown,Brown
Teddy Bear Love,https://raw.githubusercontent.com/wpmaps/sample-data/master/products-images/teddy/teddy-bear-love-49.png,32,teddy-bear-love,Golden,Golden
Teddy Bear White,https://raw.githubusercontent.com/wpmaps/sample-data/master/products-images/teddy/teddy-bear-white-76.png,45,teddy-bear-white,White,White
White Teddy Bear Gifts,https://raw.githubusercontent.com/wpmaps/sample-data/master/products-images/teddy/white-teddy-bear-gifts-84.png,13,white-teddy-bear-gifts,White,White
Cosy Teddy Bears,https://raw.githubusercontent.com/wpmaps/sample-data/master/products-images/teddy/cosy-teddy-bears-67.png,26,cosy-teddy-bears,Brown,Brown
My First Teddy,https://raw.githubusercontent.com/wpmaps/sample-data/master/products-images/teddy/my-first-teddy-52.png,42,my-first-teddy,Brown,Brown
Teddy Bear Hurt,https://raw.githubusercontent.com/wpmaps/sample-data/master/products-images/teddy/teddy-bear-hurt-62.png,12,teddy-bear-hurt,Brown,Brown
Teddy Bear Florence,https://raw.githubusercontent.com/wpmaps/sample-data/master/products-images/teddy/teddy-bear-florence-83.png,15,teddy-bear-florence,White,White
Teddy Bear Valentines Day,https://raw.githubusercontent.com/wpmaps/sample-data/master/products-images/teddy/teddy-bear-valentines-day-126.png,38,teddy-bear-valentines-day,White,White
Big Size Teddy,https://raw.githubusercontent.com/wpmaps/sample-data/master/products-images/teddy/big-size-teddy-128.png,28,big-size-teddy,Red,Red
Pink Beautiful Teddy,https://raw.githubusercontent.com/wpmaps/sample-data/master/products-images/teddy/pink-beautiful-teddy-2.png,45,pink-beautiful-teddy,Red,Red
